<?xml version='1.0' encoding='UTF-8'?>
<project _id='0' defaultElement='5684cf4f-e0be-4998-809a-5e41943ee169' uuid='446861d8-860d-4410-82f3-5ad9fd7944f2' author='7e840175-f9c4-4886-a221-ef91e3493e27' imports='6707f981-110d-4629-a0bf-c35a4688025c'>
  <folder>
    <libraryFolder _id='1'>
      <name>
        <translation lang='en' text='My first project'/>
      </name>
      <items>
        <containerLibraryElement _id='2' uuid='64b84aee-04bc-4e8d-a9a5-18bd8dc5160e'>
          <name>
            <translation lang='en' text='Main'/>
          </name>
        </containerLibraryElement>
        <containerLibraryElement _id='3' uuid='776c0ed1-e8c2-42fe-a589-cd5cf989617f'>
          <name>
            <translation lang='en' text='CPU'/>
          </name>
        </containerLibraryElement>
        <containerLibraryElement _id='4' uuid='c55b77b4-1e6a-4f7e-828a-d66f0db915c9'>
          <name>
            <translation lang='en' text='ALU'/>
          </name>
        </containerLibraryElement>
        <containerLibraryElement _id='5' uuid='8fa44e0a-b61b-4888-8284-885c7959b99e'>
          <name>
            <translation lang='en' text='Counter'/>
          </name>
        </containerLibraryElement>
        <containerLibraryElement _id='6' uuid='ccd50d04-82d6-4b12-b9a6-45443bc99e55'>
          <name>
            <translation lang='en' text='4 Decoder'/>
          </name>
        </containerLibraryElement>
        <libraryFolder _id='7'>
          <name>
            <translation lang='en' text='Registers'/>
          </name>
          <items>
            <containerLibraryElement _id='8' uuid='5684cf4f-e0be-4998-809a-5e41943ee169'>
              <name>
                <translation lang='en' text='Set Reset'/>
              </name>
            </containerLibraryElement>
            <containerLibraryElement _id='9' uuid='0a16a36c-43aa-4d78-8d98-78b963ee9347'>
              <name>
                <translation lang='en' text='1Bit Register'/>
              </name>
            </containerLibraryElement>
            <containerLibraryElement _id='10' uuid='232692dd-59be-4b75-85f3-e007e1a58644'>
              <name>
                <translation lang='en' text='4Bit Register'/>
              </name>
            </containerLibraryElement>
            <containerLibraryElement _id='11' uuid='c7aef683-4fc3-49dc-8ff6-f1034a9aa1dd'>
              <name>
                <translation lang='en' text='16Bit Adder'/>
              </name>
            </containerLibraryElement>
            <containerLibraryElement _id='12' uuid='fceac45a-47a0-43c4-9609-216642d7f22c'>
              <name>
                <translation lang='en' text='32Bit Register'/>
              </name>
            </containerLibraryElement>
          </items>
        </libraryFolder>
        <libraryFolder _id='13'>
          <name>
            <translation lang='en' text='Adders'/>
          </name>
          <items>
            <containerLibraryElement _id='14' uuid='d5ce5afa-e752-4ba4-8da3-935875423c27'>
              <name>
                <translation lang='en' text='1Bit Adder'/>
              </name>
            </containerLibraryElement>
            <containerLibraryElement _id='15' uuid='9b45ce40-3783-4f7b-b169-caea6a8d033a'>
              <name>
                <translation lang='en' text='4Bit Adder'/>
              </name>
            </containerLibraryElement>
            <containerLibraryElement _id='16' uuid='2370f601-6e84-4082-99e1-9300076762b6'>
              <name>
                <translation lang='en' text='16Bit Adder'/>
              </name>
            </containerLibraryElement>
            <containerLibraryElement _id='17' uuid='e7565fae-4ceb-4ff1-bd3e-6dbf1ec845fb'>
              <name>
                <translation lang='en' text='32Bit Adder'/>
              </name>
            </containerLibraryElement>
          </items>
        </libraryFolder>
        <libraryFolder _id='18'>
          <name>
            <translation lang='en' text='Sub'/>
          </name>
          <items>
            <containerLibraryElement _id='19' uuid='ae0b5d8a-54c5-4959-84ce-1116f84b4132'>
              <name>
                <translation lang='en' text='1Bit Sub'/>
              </name>
            </containerLibraryElement>
            <containerLibraryElement _id='20' uuid='a374d005-2f7c-4722-8b1b-57a11dd8ea36'>
              <name>
                <translation lang='en' text='4Bit Sub'/>
              </name>
            </containerLibraryElement>
            <containerLibraryElement _id='21' uuid='46cca3ad-d1a6-41db-ba36-bf2242e9ce9c'>
              <name>
                <translation lang='en' text='16Bit Sub'/>
              </name>
            </containerLibraryElement>
            <containerLibraryElement _id='22' uuid='094ffbd9-e35e-43eb-8c7a-d5c0acdcbf15'>
              <name>
                <translation lang='en' text='32Bit Sub'/>
              </name>
            </containerLibraryElement>
          </items>
        </libraryFolder>
        <libraryFolder _id='23'>
          <name>
            <translation lang='en' text='Comparator'/>
          </name>
          <items>
            <containerLibraryElement _id='24' uuid='686772ae-e4c5-4896-b39b-805fd412a3af'>
              <name>
                <translation lang='en' text='32Bit Comparator'/>
              </name>
            </containerLibraryElement>
            <containerLibraryElement _id='25' uuid='f6937c30-aeac-48e9-922d-21e4c0e73d38'>
              <name>
                <translation lang='en' text='4Bit Comparator'/>
              </name>
            </containerLibraryElement>
          </items>
        </libraryFolder>
        <libraryFolder _id='26'>
          <name>
            <translation lang='en' text='Any'/>
          </name>
          <items>
            <containerLibraryElement _id='27' uuid='abddc5bb-784d-455d-b427-71887b561c05'>
              <name>
                <translation lang='en' text='4Bit Any'/>
              </name>
            </containerLibraryElement>
            <containerLibraryElement _id='28' uuid='95561fc5-20c1-4a46-81f3-e4242a2df46f'>
              <name>
                <translation lang='en' text='16Bit Any'/>
              </name>
            </containerLibraryElement>
            <containerLibraryElement _id='29' uuid='b8bc0e2f-f476-4320-a003-e4655979848e'>
              <name>
                <translation lang='en' text='32Bit Any'/>
              </name>
            </containerLibraryElement>
          </items>
        </libraryFolder>
        <libraryFolder _id='30'>
          <name>
            <translation lang='en' text='Buffer'/>
          </name>
          <items>
            <containerLibraryElement _id='31' uuid='4dbc2e63-88b5-4332-bf60-8543bb5d8cc0'>
              <name>
                <translation lang='en' text='1Bit Buffer'/>
              </name>
            </containerLibraryElement>
            <containerLibraryElement _id='32' uuid='7c3dbdea-a31e-4baf-bf76-5b6ad915a85c'>
              <name>
                <translation lang='en' text='4Bit Buffer'/>
              </name>
            </containerLibraryElement>
            <containerLibraryElement _id='33' uuid='fa34ac21-c894-410e-bd57-e3ac014a8aca'>
              <name>
                <translation lang='en' text='16Bit Buffer'/>
              </name>
            </containerLibraryElement>
            <containerLibraryElement _id='34' uuid='22735381-3bca-4f49-8c1f-c6b6ed611950'>
              <name>
                <translation lang='en' text='32Bit Buffer'/>
              </name>
            </containerLibraryElement>
          </items>
        </libraryFolder>
      </items>
    </libraryFolder>
  </folder>
</project>